cve_id,bucket,kev,kev_ransomware,epss_percentile,sources,vendor_product,description,top_aliases,manual_label,representability_type,scanner_modality,notes
CVE-2016-7201,PACKAGE_RANGE,Y,N,0.9959,cisa-kev;cve-project;epss;ghsa-reviewed;osv-NuGet,n/a:n/a,"The Chakra JavaScript scripting engine in Microsoft Edge allows remote attackers to execute arbitrary code or cause a denial of service (memory corruption) via a crafted web site, aka ""Scripting Engine Memory Corruption Vulnerability,"" a different vulnerability than CVE-2016-7200, CVE-2016-7202, CVE",GHSA-4F5G-J7WG-7W8J,,,,
CVE-2020-11651,PACKAGE_RANGE,Y,N,0.9998,cisa-kev;cve-project;epss;ghsa-reviewed;osv-GIT;osv-PyPI;pypa,n/a:n/a,An issue was discovered in SaltStack Salt before 2019.2.4 and 3000 before 3000.2. The salt-master process ClearFuncs class does not properly validate method calls. This allows a remote user to access some methods without authentication. These methods can be used to retrieve user tokens from the salt,GHSA-PJHF-VPX3-33R3;PYSEC-2020-102,,,,
CVE-2020-17519,PACKAGE_RANGE,Y,N,0.9997,cisa-kev;cve-project;epss;ghsa-reviewed;osv-Bitnami;osv-GIT;osv-Maven,Apache Software Foundation:Apache Flink,A change introduced in Apache Flink 1.11.0 (and released in 1.11.1 and 1.11.2 as well) allows attackers to read any file on the local filesystem of the JobManager through the REST interface of the JobManager process. Access is restricted to files accessible by the JobManager process. All users shoul,BIT-FLINK-2020-17519;GHSA-395W-QHQR-9FR6,,,,
CVE-2019-6340,PACKAGE_RANGE,Y,N,0.9999,cisa-kev;cve-project;epss;ghsa-reviewed;osv-GIT;osv-Packagist,Drupal:Drupal Core,Some field types do not properly sanitize data from non-form sources in Drupal 8.5.x before 8.5.11 and Drupal 8.6.x before 8.6.10. This can lead to arbitrary PHP code execution in some cases. A site is only affected by this if one of the following conditions is met: The site has the Drupal 8 core RE,DRUPAL-CORE-2019-003;GHSA-3GX6-H57H-RM27,,,,
CVE-2022-33891,PACKAGE_RANGE,Y,N,0.9982,cisa-kev;cve-project;epss;ghsa-reviewed;osv-Bitnami;osv-GIT;osv-Maven;osv-PyPI;pypa,Apache Software Foundation:Apache Spark,"The Apache Spark UI offers the possibility to enable ACLs via the configuration option spark.acls.enable. With an authentication filter, this checks whether a user has access permissions to view or modify the application. If ACLs are enabled, a code path in HttpSecurityFilter can allow someone to pe",BIT-SPARK-2022-33891;GHSA-4X9R-J582-CGR8;PYSEC-2022-236,,,,
CVE-2023-0669,PACKAGE_RANGE,Y,Y,0.9997,cisa-kev;cve-project;epss;ghsa-reviewed,Fortra:Goanywhere MFT,"Fortra (formerly, HelpSystems) GoAnywhere MFT suffers from a pre-authentication command injection vulnerability in the License Response Servlet due to deserializing an arbitrary attacker-controlled object. This issue was patched in version 7.1.2.",GHSA-6PM2-J2V8-H3CJ,,,,
CVE-2018-14667,PACKAGE_RANGE,Y,N,0.9952,cisa-kev;cve-project;epss;ghsa-reviewed;osv-Maven,[UNKNOWN]:RichFaces,"The RichFaces Framework 3.X through 3.3.4 is vulnerable to Expression Language (EL) injection via the UserResource resource. A remote, unauthenticated attacker could exploit this to execute arbitrary code using a chain of java serialized objects via org.ajax4jsf.resource.UserResource$UriData.",GHSA-J7MW-7CRR-658V,,,,
CVE-2021-44228,PACKAGE_RANGE,Y,Y,0.9996,cisa-kev;cve-project;epss;ghsa-reviewed;osv-GIT;osv-Maven,Apache Software Foundation:Apache Log4j2,"Apache Log4j2 2.0-beta9 through 2.15.0 (excluding security releases 2.12.2, 2.12.3, and 2.3.1) JNDI features used in configuration, log messages, and parameters do not protect against attacker controlled LDAP and other JNDI related endpoints. An attacker who can control log messages or log message p",GHSA-JFH8-C2JP-5V3Q,,,,
CVE-2020-5410,PACKAGE_RANGE,Y,N,0.9996,cisa-kev;cve-project;epss;ghsa-reviewed;osv-GIT;osv-Maven,Spring by VMware:Spring Cloud Config,"Spring Cloud Config, versions 2.2.x prior to 2.2.3, versions 2.1.x prior to 2.1.9, and older unsupported versions allow applications to serve arbitrary configuration files through the spring-cloud-config-server module. A malicious user, or attacker, can send a request using a specially crafted URL t",GHSA-32XF-JWMV-9HF3,,,,
CVE-2020-17530,PACKAGE_RANGE,Y,N,0.9997,cisa-kev;cve-project;epss;ghsa-reviewed;osv-GIT;osv-Maven,Apache Software Foundation:Apache Struts,"Forced OGNL evaluation, when evaluated on raw user input in tag attributes, may lead to remote code execution. Affected software : Apache Struts 2.0.0 - Struts 2.5.25.",GHSA-JC35-Q369-45PV,,,,
CVE-2021-32648,PACKAGE_RANGE,Y,N,0.9979,cisa-kev;cve-project;epss;ghsa-reviewed;osv-GIT;osv-Packagist,octobercms:october,octobercms in a CMS platform based on the Laravel PHP Framework. In affected versions of the october/system package an attacker can request an account password reset and then gain access to the account using a specially crafted request. The issue has been patched in Build 472 and v1.1.5.,GHSA-MXR5-MC97-63RC,,,,
CVE-2019-0193,PACKAGE_RANGE,Y,N,0.9979,cisa-kev;cve-project;epss;ghsa-reviewed;osv-GIT;osv-Maven,Apache:Apache Solr,"In Apache Solr, the DataImportHandler, an optional but popular module to pull in data from databases and other sources, has a feature in which the whole DIH configuration can come from a request's ""dataConfig"" parameter. The debug mode of the DIH admin screen uses this to allow convenient debugging ",GHSA-3GM7-V7VW-866C,,,,
CVE-2016-0752,PACKAGE_RANGE,Y,N,0.9964,cisa-kev;cve-project;epss;ghsa-reviewed;osv-GIT;osv-RubyGems,n/a:n/a,"Directory traversal vulnerability in Action View in Ruby on Rails before 3.2.22.1, 4.0.x and 4.1.x before 4.1.14.1, 4.2.x before 4.2.5.1, and 5.x before 5.0.0.beta1.1 allows remote attackers to read arbitrary files by leveraging an application's unrestricted use of the render method and providing a ",GHSA-XRR4-P6FQ-HJG7,,,,
CVE-2025-32432,PACKAGE_RANGE,Y,N,0.9947,cisa-kev;cve-project;epss;ghsa-reviewed;osv-GIT;osv-Packagist,craftcms:cms,"Craft is a flexible, user-friendly CMS for creating custom digital experiences on the web and beyond. Starting from version 3.0.0-RC1 to before 3.9.15, 4.0.0-RC1 to before 4.14.15, and 5.0.0-RC1 to before 5.6.17, Craft is vulnerable to remote code execution. This is a high-impact, low-complexity att",GHSA-F3GW-9WW9-JMC3,,,,
CVE-2025-54313,PACKAGE_RANGE,Y,N,0.9323,cisa-kev;cve-project;epss;ghsa-reviewed;osv-GIT;osv-npm,prettier:eslint-config-prettier,"eslint-config-prettier 8.10.1, 9.1.1, 10.1.6, and 10.1.7 has embedded malicious code for a supply chain compromise. Installing an affected package executes an install.js file that launches the node-gyp.dll malware on Windows.",GHSA-F29H-PXVX-F335,,,,
CVE-2012-0391,PACKAGE_RANGE,Y,N,0.9949,cisa-kev;cve-project;epss;ghsa-reviewed;osv-Maven,n/a:n/a,"The ExceptionDelegator component in Apache Struts before 2.2.3.1 interprets parameter values as OGNL expressions during certain exception handling for mismatched data types of properties, which allows remote attackers to execute arbitrary Java code via a crafted parameter.",GHSA-4WRR-9H5R-M92W,,,,
CVE-2016-7200,PACKAGE_RANGE,Y,N,0.9951,cisa-kev;cve-project;epss;ghsa-reviewed;osv-NuGet,n/a:n/a,"The Chakra JavaScript scripting engine in Microsoft Edge allows remote attackers to execute arbitrary code or cause a denial of service (memory corruption) via a crafted web site, aka ""Scripting Engine Memory Corruption Vulnerability,"" a different vulnerability than CVE-2016-7201, CVE-2016-7202, CVE",GHSA-5WHG-J5FV-XCM2,,,,
CVE-2024-27348,PACKAGE_RANGE,Y,N,0.9996,cisa-kev;cve-project;epss;ghsa-reviewed;osv-GIT;osv-Maven,Apache Software Foundation:Apache HugeGraph-Server,"RCE-Remote Command Execution vulnerability in Apache HugeGraph-Server.This issue affects Apache HugeGraph-Server: from 1.0.0 before 1.3.0 in Java8 & Java11

Users are recommended to upgrade to version 1.3.0 with Java11 & enable the Auth system, which fixes the issue.",GHSA-29RC-VQ7F-X335,,,,
CVE-2020-16009,PACKAGE_RANGE,Y,N,0.9932,cisa-kev;cve-project;epss;ghsa-reviewed;osv-GIT;osv-NuGet,Google:Chrome,Inappropriate implementation in V8 in Google Chrome prior to 86.0.4240.183 allowed a remote attacker to potentially exploit heap corruption via a crafted HTML page.,GHSA-M7MF-48HP-5QMR,,,,
CVE-2023-5217,PACKAGE_RANGE,Y,N,0.8773,cisa-kev;cve-project;epss;ghsa-reviewed;osv-GIT;osv-npm,Google:Chrome,Heap buffer overflow in vp8 encoding in libvpx in Google Chrome prior to 117.0.5938.132 and libvpx 1.13.1 allowed a remote attacker to potentially exploit heap corruption via a crafted HTML page. (Chromium security severity: High),GHSA-QQVQ-6XGJ-JW8G,,,,
CVE-2023-33246,PACKAGE_RANGE,Y,N,0.9997,cisa-kev;cve-project;epss;ghsa-reviewed;osv-GIT;osv-Maven,Apache Software Foundation:Apache RocketMQ,"For RocketMQ versions 5.1.0 and below, under certain conditions, there is a risk of remote command execution. 

Several components of RocketMQ, including NameServer, Broker, and Controller, are leaked on the extranet and lack permission verification, an attacker can exploit this vulnerability by usi",GHSA-X3CQ-8F32-5F63,,,,
CVE-2022-4135,PACKAGE_RANGE,Y,N,0.2712,cisa-kev;cve-project;epss;ghsa-reviewed;osv-npm,Google:Chrome,Heap buffer overflow in GPU in Google Chrome prior to 107.0.5304.121 allowed a remote attacker who had compromised the renderer process to potentially perform a sandbox escape via a crafted HTML page. (Chromium security severity: High),GHSA-995F-9X5R-2RCJ,,,,
CVE-2006-1547,PACKAGE_RANGE,Y,N,0.9464,cisa-kev;cve-project;epss;ghsa-reviewed;osv-Maven,n/a:n/a,"ActionForm in Apache Software Foundation (ASF) Struts before 1.2.9 with BeanUtils 1.7 allows remote attackers to cause a denial of service via a multipart/form-data encoded form with a parameter name that references the public getMultipartRequestHandler method, which provides further access to eleme",GHSA-7QWV-CWGJ-C8RJ,,,,
CVE-2025-68613,PACKAGE_RANGE,Y,N,0.9907,cisa-kev;cve-project;epss;ghsa-reviewed;osv-GIT;osv-npm,n8n-io:n8n,"n8n is an open source workflow automation platform. Versions starting with 0.211.0 and prior to 1.120.4, 1.121.1, and 1.122.0 contain a critical Remote Code Execution (RCE) vulnerability in their workflow expression evaluation system. Under certain conditions, expressions supplied by authenticated u",GHSA-V98V-FF95-F3CP,,,,
CVE-2021-21311,PACKAGE_RANGE,Y,N,0.9992,cisa-kev;cve-project;epss;ghsa-reviewed;osv-GIT;osv-Packagist,vrana:adminer,Adminer is an open-source database management in a single PHP file. In adminer from version 4.0.0 and before 4.7.9 there is a server-side request forgery vulnerability. Users of Adminer versions bundling all drivers (e.g. `adminer.php`) are affected. This is fixed in version 4.7.9.,GHSA-X5R2-HJ5C-8JX6,,,,
CVE-2020-10199,PACKAGE_RANGE,Y,N,0.9997,cisa-kev;cve-project;epss;ghsa-reviewed;osv-Maven,n/a:n/a,Sonatype Nexus Repository before 3.21.2 allows JavaEL Injection (issue 1 of 2).,GHSA-G2F6-V5QH-H2MQ,,,,
CVE-2018-7602,PACKAGE_RANGE,Y,Y,0.9997,cisa-kev;cve-project;epss;ghsa-reviewed;osv-GIT;osv-Packagist,Drupal:core,"A remote code execution vulnerability exists within multiple subsystems of Drupal 7.x and 8.x. This potentially allows attackers to exploit multiple attack vectors on a Drupal site, which could result in the site being compromised. This vulnerability is related to Drupal core - Highly critical - Rem",DRUPAL-CORE-2018-004;GHSA-297X-J9PM-XJGG,,,,
CVE-2020-0601,PACKAGE_RANGE,Y,N,0.9991,cisa-kev;cve-project;epss;ghsa-unreviewed;go-vulndb;osv-Bitnami;osv-GIT;osv-Go,Microsoft:Windows,"A spoofing vulnerability exists in the way Windows CryptoAPI (Crypt32.dll) validates Elliptic Curve Cryptography (ECC) certificates.An attacker could exploit the vulnerability by using a spoofed code-signing certificate to sign a malicious executable, making it appear the file was from a trusted, le",BIT-GOLANG-2020-0601;GHSA-82JC-CV6X-R223;GO-2022-0535,,,,
CVE-2016-10033,PACKAGE_RANGE,Y,N,1.0000,cisa-kev;cve-project;epss;ghsa-reviewed;osv-GIT;osv-Packagist,n/a:n/a,"The mailSend function in the isMail transport in PHPMailer before 5.2.18 might allow remote attackers to pass extra parameters to the mail command and consequently execute arbitrary code via a \"" (backslash double quote) in a crafted Sender property.",GHSA-5F37-GXVH-23V6,,,,
CVE-2018-11776,PACKAGE_RANGE,Y,N,0.9999,cisa-kev;cve-project;epss;ghsa-reviewed;osv-GIT;osv-Maven,Apache Software Foundation:Apache Struts,"Apache Struts versions 2.3 to 2.3.34 and 2.5 to 2.5.16 suffer from possible Remote Code Execution when alwaysSelectFullNamespace is true (either by user or a plugin like Convention Plugin) and then: results are used with no namespace and in same time, its upper package have no or wildcard namespace ",GHSA-CR6J-3JP9-RW65,,,,
